{
	"format_version": "1.21.6",
	"credit": "Hayley",
	"texture_size": [64, 64],
	"textures": {
		"10": "item/cowboyHat",
		"particle": "item/cowboyHat"
	},
	"elements": [
		{
			"from": [2, 8, 1],
			"to": [14, 9, 15],
			"rotation": {"angle": 0, "axis": "y", "origin": [6, 8, 7]},
			"faces": {
				"north": {"uv": [6.75, 2.5, 9.75, 2.75], "texture": "#10"},
				"east": {"uv": [6, 0.5, 9.5, 0.75], "texture": "#10"},
				"south": {"uv": [6.75, 2.75, 9.75, 3], "texture": "#10"},
				"west": {"uv": [6, 0.75, 9.5, 1], "texture": "#10"},
				"up": {"uv": [3, 3.5, 0, 0], "texture": "#10"},
				"down": {"uv": [6, 0, 3, 3.5], "texture": "#10"}
			}
		},
		{
			"from": [4, 9, 4],
			"to": [7, 13, 12],
			"rotation": {"angle": 0, "axis": "y", "origin": [7, 9, 7]},
			"faces": {
				"north": {"uv": [6, 2.5, 6.75, 3.5], "texture": "#10"},
				"east": {"uv": [0, 3.5, 2, 4.5], "texture": "#10"},
				"south": {"uv": [6, 3.5, 6.75, 4.5], "texture": "#10"},
				"west": {"uv": [2, 3.5, 4, 4.5], "texture": "#10"},
				"up": {"uv": [2.75, 6.5, 2, 4.5], "texture": "#10"},
				"down": {"uv": [3.5, 4.5, 2.75, 6.5], "texture": "#10"}
			}
		},
		{
			"from": [9, 9, 4],
			"to": [12, 13, 12],
			"rotation": {"angle": 0, "axis": "y", "origin": [7, 9, 7]},
			"faces": {
				"north": {"uv": [6, 6, 6.75, 7], "texture": "#10"},
				"east": {"uv": [4, 3.5, 6, 4.5], "texture": "#10"},
				"south": {"uv": [2, 6.5, 2.75, 7.5], "texture": "#10"},
				"west": {"uv": [0, 4.5, 2, 5.5], "texture": "#10"},
				"up": {"uv": [4.25, 6.5, 3.5, 4.5], "texture": "#10"},
				"down": {"uv": [5, 4.5, 4.25, 6.5], "texture": "#10"}
			}
		},
		{
			"from": [7, 9, 4],
			"to": [9, 12, 12],
			"rotation": {"angle": 0, "axis": "y", "origin": [7, 9, 7]},
			"faces": {
				"north": {"uv": [2.75, 6.5, 3.25, 7.25], "texture": "#10"},
				"east": {"uv": [5, 4.5, 7, 5.25], "texture": "#10"},
				"south": {"uv": [3.25, 6.5, 3.75, 7.25], "texture": "#10"},
				"west": {"uv": [5, 5.25, 7, 6], "texture": "#10"},
				"up": {"uv": [0.5, 7.5, 0, 5.5], "texture": "#10"},
				"down": {"uv": [1, 5.5, 0.5, 7.5], "texture": "#10"}
			}
		},
		{
			"from": [7, 11, 10],
			"to": [9, 12.5, 12],
			"rotation": {"angle": 0, "axis": "y", "origin": [7, 11, 10]},
			"faces": {
				"north": {"uv": [3.75, 6.5, 4.25, 7], "texture": "#10"},
				"east": {"uv": [4.25, 6.5, 4.75, 7], "texture": "#10"},
				"south": {"uv": [6.75, 3, 7.25, 3.5], "texture": "#10"},
				"west": {"uv": [6.75, 3.5, 7.25, 4], "texture": "#10"},
				"up": {"uv": [7.25, 4.5, 6.75, 4], "texture": "#10"},
				"down": {"uv": [7.25, 6, 6.75, 6.5], "texture": "#10"}
			}
		},
		{
			"from": [7, 11, 4],
			"to": [9, 12.5, 6],
			"rotation": {"angle": 0, "axis": "y", "origin": [7, 11, 4]},
			"faces": {
				"north": {"uv": [6.75, 6.5, 7.25, 7], "texture": "#10"},
				"east": {"uv": [3.75, 7, 4.25, 7.5], "texture": "#10"},
				"south": {"uv": [4.25, 7, 4.75, 7.5], "texture": "#10"},
				"west": {"uv": [7, 4.5, 7.5, 5], "texture": "#10"},
				"up": {"uv": [7.5, 5.5, 7, 5], "texture": "#10"},
				"down": {"uv": [7.5, 5.5, 7, 6], "texture": "#10"}
			}
		},
		{
			"from": [2, 9, 1],
			"to": [3, 10, 15],
			"rotation": {"angle": 0, "axis": "y", "origin": [3, 8, 3]},
			"faces": {
				"north": {"uv": [4.75, 6.5, 5, 6.75], "texture": "#10"},
				"east": {"uv": [6, 0, 9.5, 0.25], "texture": "#10"},
				"south": {"uv": [4.75, 6.75, 5, 7], "texture": "#10"},
				"west": {"uv": [6, 0.25, 9.5, 0.5], "texture": "#10"},
				"up": {"uv": [1.25, 9, 1, 5.5], "texture": "#10"},
				"down": {"uv": [1.5, 5.5, 1.25, 9], "texture": "#10"}
			}
		},
		{
			"from": [13, 9, 1],
			"to": [14, 10, 15],
			"rotation": {"angle": 0, "axis": "y", "origin": [12, 8, 3]},
			"faces": {
				"north": {"uv": [4.75, 7, 5, 7.25], "texture": "#10"},
				"east": {"uv": [6, 1, 9.5, 1.25], "texture": "#10"},
				"south": {"uv": [6, 7, 6.25, 7.25], "texture": "#10"},
				"west": {"uv": [6, 1.25, 9.5, 1.5], "texture": "#10"},
				"up": {"uv": [1.75, 9, 1.5, 5.5], "texture": "#10"},
				"down": {"uv": [2, 5.5, 1.75, 9], "texture": "#10"}
			}
		},
		{
			"from": [2, 8, 1],
			"to": [3, 9, 15],
			"rotation": {"angle": -45, "axis": "z", "origin": [3, 8, 8]},
			"faces": {
				"north": {"uv": [6.25, 7, 6.5, 7.25], "texture": "#10"},
				"east": {"uv": [6, 1.5, 9.5, 1.75], "texture": "#10"},
				"south": {"uv": [6.5, 7, 6.75, 7.25], "texture": "#10"},
				"west": {"uv": [6, 1.75, 9.5, 2], "texture": "#10"},
				"up": {"uv": [5.25, 9.5, 5, 6], "texture": "#10"},
				"down": {"uv": [5.5, 6, 5.25, 9.5], "texture": "#10"}
			}
		},
		{
			"from": [13, 8, 1],
			"to": [14, 9, 15],
			"rotation": {"angle": 45, "axis": "z", "origin": [13, 8, 8]},
			"faces": {
				"north": {"uv": [6.75, 7, 7, 7.25], "texture": "#10"},
				"east": {"uv": [6, 2, 9.5, 2.25], "texture": "#10"},
				"south": {"uv": [7, 7, 7.25, 7.25], "texture": "#10"},
				"west": {"uv": [6, 2.25, 9.5, 2.5], "texture": "#10"},
				"up": {"uv": [5.75, 9.5, 5.5, 6], "texture": "#10"},
				"down": {"uv": [6, 6, 5.75, 9.5], "texture": "#10"}
			}
		}
	],
	"gui_light": "front",
	"display": {
		"ground": {
			"translation": [0.25, -3.5, 0.5]
		},
		"gui": {
			"rotation": [15, -180, 0],
			"translation": [0, -2.5, -10.25]
		},
		"head": {
			"translation": [0, 6.25, 0],
			"scale": [1.5, 1.56, 1.54]
		}
	}
}