{
	"format_version": "1.21.6",
	"credit": "Treyson",
	"texture_size": [32, 32],
	"textures": {
		"3": "item/fork"
	},
	"elements": [
		{
			"from": [7, 7, 7],
			"to": [9, 15, 8],
			"rotation": {"angle": 0, "axis": "y", "origin": [6, 9, 7]},
			"faces": {
				"north": {"uv": [0, 5, 1, 9], "texture": "#3"},
				"east": {"uv": [5, 5, 5.5, 9], "texture": "#3"},
				"south": {"uv": [5, 0, 6, 4], "texture": "#3"},
				"west": {"uv": [5.5, 5, 6, 9], "texture": "#3"},
				"up": {"uv": [8, 8, 7, 7.5], "texture": "#3"},
				"down": {"uv": [9, 1, 8, 1.5], "texture": "#3"}
			}
		},
		{
			"from": [4.5, 16, 8],
			"to": [11.5, 20.5, 9],
			"rotation": {"angle": 0, "axis": "y", "origin": [6.5, 18, 8]},
			"faces": {
				"north": {"uv": [0, 0, 3.5, 2.5], "texture": "#3"},
				"east": {"uv": [6, 1, 6.5, 3.5], "texture": "#3"},
				"south": {"uv": [0, 2.5, 3.5, 5], "texture": "#3"},
				"west": {"uv": [2, 6, 2.5, 8.5], "texture": "#3"},
				"up": {"uv": [9.5, 0.5, 6, 0], "texture": "#3"},
				"down": {"uv": [9.5, 0.5, 6, 1], "texture": "#3"}
			}
		},
		{
			"from": [10.5, 20.5, 8],
			"to": [11.5, 26.5, 9],
			"rotation": {"angle": 0, "axis": "y", "origin": [9.5, 19.5, 8]},
			"faces": {
				"north": {"uv": [2.5, 6, 3, 8], "texture": "#3"},
				"east": {"uv": [3, 6, 3.5, 8], "texture": "#3"},
				"south": {"uv": [6, 5.5, 6.5, 7.5], "texture": "#3"},
				"west": {"uv": [6.5, 1, 7, 3], "texture": "#3"},
				"up": {"uv": [8.5, 2, 8, 1.5], "texture": "#3"},
				"down": {"uv": [8.5, 2, 8, 2.5], "texture": "#3"}
			}
		},
		{
			"from": [8.5, 20.5, 8],
			"to": [9.5, 26.5, 9],
			"rotation": {"angle": 0, "axis": "y", "origin": [7.5, 19.5, 8]},
			"faces": {
				"north": {"uv": [6.5, 5.5, 7, 7.5], "texture": "#3"},
				"east": {"uv": [7, 1, 7.5, 3], "texture": "#3"},
				"south": {"uv": [3.5, 7, 4, 9], "texture": "#3"},
				"west": {"uv": [4, 7, 4.5, 9], "texture": "#3"},
				"up": {"uv": [3, 8.5, 2.5, 8], "texture": "#3"},
				"down": {"uv": [8.5, 2.5, 8, 3], "texture": "#3"}
			}
		},
		{
			"from": [6.5, 20.5, 8],
			"to": [7.5, 26.5, 9],
			"rotation": {"angle": 0, "axis": "y", "origin": [5.5, 19.5, 8]},
			"faces": {
				"north": {"uv": [4.5, 7, 5, 9], "texture": "#3"},
				"east": {"uv": [7, 5.5, 7.5, 7.5], "texture": "#3"},
				"south": {"uv": [7.5, 1, 8, 3], "texture": "#3"},
				"west": {"uv": [7.5, 5.5, 8, 7.5], "texture": "#3"},
				"up": {"uv": [3.5, 8.5, 3, 8], "texture": "#3"},
				"down": {"uv": [8.5, 3, 8, 3.5], "texture": "#3"}
			}
		},
		{
			"from": [4.5, 20.5, 8],
			"to": [5.5, 26.5, 9],
			"rotation": {"angle": 0, "axis": "y", "origin": [3.5, 19.5, 8]},
			"faces": {
				"north": {"uv": [4.5, 7, 5, 9], "texture": "#3"},
				"east": {"uv": [7, 5.5, 7.5, 7.5], "texture": "#3"},
				"south": {"uv": [7.5, 1, 8, 3], "texture": "#3"},
				"west": {"uv": [7.5, 5.5, 8, 7.5], "texture": "#3"},
				"up": {"uv": [3, 8, 3.5, 8.5], "texture": "#3"},
				"down": {"uv": [8, 3, 8.5, 3.5], "texture": "#3"}
			}
		},
		{
			"from": [5.5, 15, 7],
			"to": [10.5, 16, 9],
			"rotation": {"angle": 0, "axis": "y", "origin": [6.5, 15, 7]},
			"faces": {
				"north": {"uv": [6, 3.5, 8.5, 4], "texture": "#3"},
				"east": {"uv": [7.5, 4.5, 8.5, 5], "texture": "#3"},
				"south": {"uv": [6, 5, 8.5, 5.5], "texture": "#3"},
				"west": {"uv": [6, 7.5, 7, 8], "texture": "#3"},
				"up": {"uv": [3.5, 6, 1, 5], "texture": "#3"},
				"down": {"uv": [7.5, 4, 5, 5], "texture": "#3"}
			}
		},
		{
			"from": [6.5, 0, 7],
			"to": [9.5, 7, 8],
			"rotation": {"angle": 0, "axis": "y", "origin": [7, 0, 6]},
			"faces": {
				"north": {"uv": [3.5, 0, 5, 3.5], "texture": "#3"},
				"east": {"uv": [1, 6, 1.5, 9.5], "texture": "#3"},
				"south": {"uv": [3.5, 3.5, 5, 7], "texture": "#3"},
				"west": {"uv": [1.5, 6, 2, 9.5], "texture": "#3"},
				"up": {"uv": [8, 3.5, 6.5, 3], "texture": "#3"},
				"down": {"uv": [9, 4, 7.5, 4.5], "texture": "#3"}
			}
		}
	],
	"display": {
		"thirdperson_righthand": {
			"rotation": [0, -180, 0],
			"translation": [0, -3.25, 1.25],
			"scale": [1.60938, 1.60938, 1.60938]
		},
		"thirdperson_lefthand": {
			"rotation": [0, -180, 0],
			"translation": [0, -3.25, 1.25],
			"scale": [1.60938, 1.60938, 1.60938]
		},
		"firstperson_righthand": {
			"rotation": [161.75, 0, -180],
			"translation": [1.75, 0.25, -0.25],
			"scale": [1.07813, 1.07813, 1.07813]
		},
		"firstperson_lefthand": {
			"rotation": [161.75, 0, -180],
			"translation": [0, 2.75, 0.5]
		},
		"ground": {
			"translation": [0, 8.75, 0],
			"scale": [1.35743, 1.35743, 1.35743]
		},
		"gui": {
			"rotation": [0, 0, -46.5],
			"translation": [-2.25, -2.25, 0],
			"scale": [0.67578, 0.67578, 0.67578]
		},
		"head": {
			"rotation": [120, 0, -180],
			"translation": [0, 3.5, -9.5]
		},
		"fixed": {
			"rotation": [0, 0, 47.5],
			"translation": [3.25, -2.75, 0],
			"scale": [0.81445, 0.81445, 0.81445]
		}
	}
}