{
	"format_version": "1.21.6",
	"credit": "Treyson",
	"texture_size": [32, 32],
	"textures": {
		"0": "item/pan",
		"particle": "item/pan"
	},
	"elements": [
		{
			"from": [5, 0, 3],
			"to": [11, 0.5, 9],
			"rotation": {"angle": 0, "axis": "y", "origin": [7, 0, 5]},
			"faces": {
				"north": {"uv": [3, 0, 6, 0.5], "texture": "#0"},
				"east": {"uv": [3, 0.5, 6, 1], "texture": "#0"},
				"south": {"uv": [3, 1, 6, 1.5], "texture": "#0"},
				"west": {"uv": [3, 1.5, 6, 2], "texture": "#0"},
				"up": {"uv": [3, 3, 0, 0], "texture": "#0"},
				"down": {"uv": [3, 3, 0, 6], "texture": "#0"}
			}
		},
		{
			"from": [5, 0.5, 2],
			"to": [11, 1.2, 3],
			"rotation": {"angle": 0, "axis": "y", "origin": [7, -0.5, 1]},
			"faces": {
				"north": {"uv": [3, 2, 6, 2.5], "texture": "#0"},
				"east": {"uv": [6, 5, 6.5, 5.5], "texture": "#0"},
				"south": {"uv": [3, 2.5, 6, 3], "texture": "#0"},
				"west": {"uv": [6, 5.5, 6.5, 6], "texture": "#0"},
				"up": {"uv": [6, 3.5, 3, 3], "texture": "#0"},
				"down": {"uv": [6, 3.5, 3, 4], "texture": "#0"}
			}
		},
		{
			"from": [5, 0.5, 9],
			"to": [11, 1.2, 10],
			"rotation": {"angle": 0, "axis": "y", "origin": [7, -0.5, 8]},
			"faces": {
				"north": {"uv": [3, 4, 6, 4.5], "texture": "#0"},
				"east": {"uv": [1.5, 6.5, 2, 7], "texture": "#0"},
				"south": {"uv": [3, 4.5, 6, 5], "texture": "#0"},
				"west": {"uv": [2, 6.5, 2.5, 7], "texture": "#0"},
				"up": {"uv": [6, 5.5, 3, 5], "texture": "#0"},
				"down": {"uv": [6, 5.5, 3, 6], "texture": "#0"}
			}
		},
		{
			"from": [11, 0.5, 3],
			"to": [12, 1.2, 9],
			"rotation": {"angle": 0, "axis": "y", "origin": [10, -0.5, 7]},
			"faces": {
				"north": {"uv": [2.5, 6.5, 3, 7], "texture": "#0"},
				"east": {"uv": [0, 6, 3, 6.5], "texture": "#0"},
				"south": {"uv": [6.5, 3, 7, 3.5], "texture": "#0"},
				"west": {"uv": [6, 0, 9, 0.5], "texture": "#0"},
				"up": {"uv": [6.5, 3.5, 6, 0.5], "texture": "#0"},
				"down": {"uv": [3.5, 6, 3, 9], "texture": "#0"}
			}
		},
		{
			"from": [4, 0.5, 3],
			"to": [5, 1.2, 9],
			"rotation": {"angle": 0, "axis": "y", "origin": [3, -0.5, 7]},
			"faces": {
				"north": {"uv": [3.5, 6.5, 4, 7], "texture": "#0"},
				"east": {"uv": [3.5, 6, 6.5, 6.5], "texture": "#0"},
				"south": {"uv": [4, 6.5, 4.5, 7], "texture": "#0"},
				"west": {"uv": [6, 3.5, 9, 4], "texture": "#0"},
				"up": {"uv": [0.5, 9.5, 0, 6.5], "texture": "#0"},
				"down": {"uv": [1, 6.5, 0.5, 9.5], "texture": "#0"}
			}
		},
		{
			"from": [7.5, 0.5, 10],
			"to": [8.5, 1, 15],
			"rotation": {"angle": 0, "axis": "y", "origin": [7, 0, 10]},
			"faces": {
				"north": {"uv": [4.5, 6.5, 5, 7], "texture": "#0"},
				"east": {"uv": [6, 4, 8.5, 4.5], "texture": "#0"},
				"south": {"uv": [5, 6.5, 5.5, 7], "texture": "#0"},
				"west": {"uv": [6, 4.5, 8.5, 5], "texture": "#0"},
				"up": {"uv": [7, 3, 6.5, 0.5], "texture": "#0"},
				"down": {"uv": [1.5, 6.5, 1, 9], "texture": "#0"}
			}
		}
	],
	"display": {
		"thirdperson_righthand": {
			"rotation": [93.75, 0, 0],
			"translation": [0, 6, 14.75],
			"scale": [1.77344, 1.77344, 1.77344]
		},
		"thirdperson_lefthand": {
			"rotation": [93.75, 0, 0],
			"translation": [0, 6, 14.75],
			"scale": [1.77344, 1.77344, 1.77344]
		},
		"firstperson_righthand": {
			"rotation": [53.25, 0, 0],
			"translation": [4.25, 10, 2],
			"scale": [1.62305, 1.62305, 1.62305]
		},
		"firstperson_lefthand": {
			"rotation": [45.25, 0, 0],
			"translation": [0, 8.5, 4.25]
		},
		"ground": {
			"translation": [0, 8.75, 0],
			"scale": [1.73242, 1.73242, 1.73242]
		},
		"gui": {
			"rotation": [93.57, -45.5, 2.56],
			"translation": [0, -0.75, 0],
			"scale": [1.28516, 1.28516, 1.28516]
		},
		"head": {
			"translation": [0, 0, -11.25]
		},
		"fixed": {
			"rotation": [90, 42.25, -180],
			"translation": [0, 0, -10],
			"scale": [1.3125, 1.3125, 1.3125]
		},
		"on_shelf": {
			"rotation": [89.5, 0, 0],
			"translation": [0, 0, 8.75],
			"scale": [1.62305, 1.62305, 1.62305]
		}
	},
	"groups": [
		{
			"name": "group",
			"origin": [7, 0, 10],
			"color": 0,
			"children": [0, 1, 2, 3, 4, 5]
		}
	]
}