{
	"format_version": "1.21.6",
	"credit": "Treyson",
	"texture_size": [32, 32],
	"textures": {
		"1": "item/plate"
	},
	"elements": [
		{
			"from": [2, 1, 8],
			"to": [14, 13, 9],
			"rotation": {"angle": 0, "axis": "y", "origin": [7, 11, 7]},
			"faces": {
				"north": {"uv": [0, 0, 6, 6], "texture": "#1"},
				"east": {"uv": [6, 0, 6.5, 6], "texture": "#1"},
				"south": {"uv": [0, 6, 6, 12], "texture": "#1"},
				"west": {"uv": [6, 6, 6.5, 12], "texture": "#1"},
				"up": {"uv": [12.5, 0.5, 6.5, 0], "texture": "#1"},
				"down": {"uv": [12.5, 0.5, 6.5, 1], "texture": "#1"}
			}
		},
		{
			"from": [2, 0, 7],
			"to": [14, 1, 8],
			"rotation": {"angle": 0, "axis": "y", "origin": [2, 0, 6]},
			"faces": {
				"north": {"uv": [6.5, 1, 12.5, 1.5], "texture": "#1"},
				"east": {"uv": [10.5, 5, 11, 5.5], "texture": "#1"},
				"south": {"uv": [6.5, 1.5, 12.5, 2], "texture": "#1"},
				"west": {"uv": [10.5, 5.5, 11, 6], "texture": "#1"},
				"up": {"uv": [12.5, 2.5, 6.5, 2], "texture": "#1"},
				"down": {"uv": [12.5, 2.5, 6.5, 3], "texture": "#1"}
			}
		},
		{
			"from": [2, 13, 7],
			"to": [14, 14, 8],
			"rotation": {"angle": 0, "axis": "y", "origin": [2, 13, 6]},
			"faces": {
				"north": {"uv": [6.5, 3, 12.5, 3.5], "texture": "#1"},
				"east": {"uv": [10.5, 6, 11, 6.5], "texture": "#1"},
				"south": {"uv": [6.5, 3.5, 12.5, 4], "texture": "#1"},
				"west": {"uv": [10.5, 6.5, 11, 7], "texture": "#1"},
				"up": {"uv": [12.5, 4.5, 6.5, 4], "texture": "#1"},
				"down": {"uv": [12.5, 4.5, 6.5, 5], "texture": "#1"}
			}
		},
		{
			"from": [1, 1, 7],
			"to": [2, 13, 8],
			"rotation": {"angle": 0, "axis": "z", "origin": [1, 13, 6]},
			"faces": {
				"north": {"uv": [6.5, 5, 7, 11], "texture": "#1"},
				"east": {"uv": [7, 5, 7.5, 11], "texture": "#1"},
				"south": {"uv": [7.5, 5, 8, 11], "texture": "#1"},
				"west": {"uv": [8, 5, 8.5, 11], "texture": "#1"},
				"up": {"uv": [11, 7.5, 10.5, 7], "texture": "#1"},
				"down": {"uv": [11, 7.5, 10.5, 8], "texture": "#1"}
			}
		},
		{
			"from": [14, 1, 7],
			"to": [15, 13, 8],
			"rotation": {"angle": 0, "axis": "y", "origin": [14, 13, 6]},
			"faces": {
				"north": {"uv": [8.5, 5, 9, 11], "texture": "#1"},
				"east": {"uv": [9, 5, 9.5, 11], "texture": "#1"},
				"south": {"uv": [9.5, 5, 10, 11], "texture": "#1"},
				"west": {"uv": [10, 5, 10.5, 11], "texture": "#1"},
				"up": {"uv": [11, 8.5, 10.5, 8], "texture": "#1"},
				"down": {"uv": [11, 8.5, 10.5, 9], "texture": "#1"}
			}
		}
	],
	"display": {
		"thirdperson_righthand": {
			"rotation": [68.5, 0, 0],
			"translation": [0, 1.25, 1.5]
		},
		"thirdperson_lefthand": {
			"rotation": [68.5, 0, 0],
			"translation": [0, 1.25, 1.5]
		},
		"firstperson_righthand": {
			"rotation": [-89.47, -70.45, -79.44],
			"translation": [0.75, 1.5, 9.75]
		},
		"ground": {
			"rotation": [178, 0, 0],
			"translation": [0, -5.5, 1.25]
		},
		"gui": {
			"translation": [0, 1, 0]
		},
		"head": {
			"rotation": [-90, 0, 0],
			"translation": [0, 7.25, -1.5],
			"scale": [1.24414, 1.24414, 1.24414]
		},
		"fixed": {
			"translation": [0, 1.25, 0]
		},
		"on_shelf": {
			"translation": [0, 1.5, 0]
		}
	}
}